produto_id_inexistente,arquivos,bytes
10158,3,96322
10400,5,90342
10401,1,24462
10432,2,75167
10455,2,56126
10466,4,194624
10482,3,164457
10542,1,97369
10545,1,17012
10572,5,242765
10598,6,1655696
10599,7,1836891
10616,6,666565
10619,6,730555
10620,5,141854
1071,1,304761
10832,3,111999
10838,1,63884
10916,5,1229230
10941,3,139987
10945,3,54929
10946,2,191814
10948,3,54929
10952,3,54929
10953,3,54929
10956,3,54929
10961,3,54929
10966,3,594825
10967,3,594825
10969,3,318775
10971,2,170022
10975,3,585338
10984,3,513176
10986,3,1140394
10988,3,185146
11017,3,292762
11019,2,33983
11022,3,104064
11025,2,33983
11029,2,47337
11033,2,47337
11034,2,47337
11036,2,47337
11039,2,47337
11041,2,47337
11043,2,47337
11045,2,47337
11049,3,850209
11052,3,850209
11054,3,185146
11057,3,185146
11100,3,114016
11137,1,70081
11138,5,347684
11140,5,347684
11141,7,603342
11143,2,33983
11147,6,407484
11151,6,407484
11152,7,488039
11155,6,359578
11158,7,493969
11159,7,493969
11160,1,95749
11167,4,192838
11170,5,313766
11173,5,313766
11174,5,312769
11177,5,312769
11179,6,405671
11184,6,376178
11185,7,370507
11187,8,440601
11188,8,440601
11193,7,370507
11215,3,654953
11217,4,1147013
11219,3,670366
11222,4,1345772
11223,4,103014
11225,3,108762
11285,6,409463
11305,4,167839
11397,4,332511
11404,12,995852
11405,7,427995
11484,6,327331
11492,5,332947
11509,4,973411
11513,4,110211
11521,4,973411
11532,4,112462
11536,4,973411
11540,3,79614
11541,3,876741
11549,4,900470
11559,4,900470
11566,5,124981
11576,4,900470
11578,4,900470
11599,4,700473
11602,3,65369
11611,8,170089
11617,3,459477
11621,2,74378
11641,3,297012
11657,3,85785
11678,5,144755
11690,3,437213
11695,5,665110
11703,5,1257683
11709,4,111537
11712,5,168236
11735,6,288947
11737,4,1530827
11739,6,289999
11756,6,231601
11782,3,245124
11822,5,212311
11888,1,268780
11891,6,207394
11900,2,201074
11981,1,9034
11998,6,187194
12000,2,45318
12001,2,43590
12022,4,955065
12055,4,218582
12089,3,129289
12092,5,174580
12128,3,323822
12257,6,239532
12259,3,86730
12276,4,112104
12282,4,1934228
12289,5,390176
12336,1,59120
12338,3,247857
12405,4,204541
12414,3,101832
12428,6,2028093
12430,2,378290
12434,4,236849
12455,2,178864
12459,3,364680
12477,4,688470
12493,3,70199
12514,3,284848
12542,5,236608
12544,3,163541
12554,5,180824
12556,4,175155
12563,3,145785
12573,3,119944
12604,4,131041
12606,3,451698
12629,6,275728
12650,3,142972
12674,5,486933
12687,6,279730
12698,7,344879
12711,6,1344562
12719,4,186897
12722,3,364178
12723,4,1455362
12728,3,435152
12730,3,435152
12736,6,1398068
12744,3,99202
12767,1,111418
12768,5,1319894
12771,4,1045700
12778,3,442766
12799,5,184364
12830,6,1642270
12839,8,290474
12862,5,202525
12864,5,184278
12867,6,227914
12964,3,115476
12996,4,156388
12997,3,215213
13001,3,1307547
13003,5,1068733
13015,3,328962
13017,3,215450
13033,4,174254
13050,3,200684
13067,3,416886
13070,3,210543
13086,3,515661
13088,3,80596
13094,6,777544
13098,6,728039
13110,5,156332
13114,3,489460
13144,5,1117150
13147,7,1773049
13163,2,245992
13164,6,1241230
13168,1,179621
13181,8,1344379
13187,6,796646
13227,3,55184
13269,7,150057
13270,3,51399
13276,5,142019
13277,5,178358
13280,6,195972
13284,5,151626
13285,5,127170
13286,5,125623
13289,5,128990
13290,5,162971
13292,5,127365
13315,6,207726
13410,6,954441
13488,4,173643
13655,5,1753502
13672,5,181166
13678,6,318023
13759,3,608379
13762,3,433125
13798,7,360721
13801,3,128681
13809,3,130387
13838,5,245996
13863,7,258487
13867,6,290133
13871,5,363346
13872,7,1282439
13875,8,1101500
13876,5,252789
13889,4,294178
13893,5,1731712
14044,3,350909
14104,1,191749
14162,1,33107
14190,1,45806
14196,2,324947
14275,5,190135
14393,3,81661
14403,7,1887968
14413,3,70835
14430,3,354190
14449,6,1599738
14507,3,474370
14827,6,411386
14926,10,1590511
14956,3,136844
15026,4,583282
15288,1,36118
15554,2,85834
15664,3,737752
15682,4,527393
15836,1,3490
15946,3,685730
15947,4,71808
15951,3,105072
15985,3,261952
16099,6,268470
16339,5,1485214
16346,4,246858
16381,3,102068
16394,3,120322
16437,3,143169
16442,3,136256
16447,3,136256
16451,2,104857
16507,1,61009
16523,5,146518
16537,2,77096
16896,1,76471
16901,1,89356
16903,3,632012
16905,3,160169
16906,3,160932
16908,1,39338
16959,1,31017
17007,5,433234
17171,2,224702
17181,2,224702
17222,3,441581
17257,3,42273
17619,1,55259
17624,1,1400526
17629,2,363852
17765,1,125737
17838,2,87819
17864,1,97026
17923,1,7032
18227,6,342118
18353,5,388575
18358,3,183235
18539,3,987687
18545,3,583014
18546,5,711837
18576,3,104773
18596,1,281440
18602,3,48449
18606,3,99817
18607,3,48449
18768,4,1307610
18819,5,184775
18880,1,53654
18997,3,520568
19171,3,43794
19242,3,55914
19468,3,89493
19473,3,89493
19493,3,89493
19507,4,90521
19626,4,90521
19879,3,70529
19972,4,60283
19981,4,60283
19989,4,68108
19992,3,53788
2,2,93569
20020,3,56116
20052,4,60283
20321,2,53762
20323,1,26881
20324,2,53762
20328,3,57467
20330,1,26881
20345,1,26881
20346,1,26881
20410,3,122635
20416,3,64522
20434,2,25314
20572,4,70335
20632,2,35380
20636,2,34744
20657,3,39840
20673,3,52407
20683,4,101450
20686,3,58061
20687,4,81270
20688,3,71911
20689,4,87882
20690,3,61607
20692,3,61607
20694,3,61607
20695,3,61607
20704,3,61607
20705,4,81270
20707,3,61607
20708,3,61607
20709,3,61607
20710,3,61607
20711,3,61607
20713,2,44734
20714,3,61607
20715,3,70529
20716,4,81270
20717,3,70529
20718,3,61607
20719,3,61607
20720,3,70529
20729,5,120421
20730,1,25328
20731,3,61607
20733,3,61607
20734,3,70529
20736,3,70529
20737,3,70529
20738,5,374314
20740,1,25328
20742,3,70529
20743,3,61607
20744,4,92822
20747,3,70529
20750,3,70529
20751,6,495126
20758,3,70529
20759,3,70529
20761,3,70529
20762,4,92822
20764,4,92822
20765,3,70529
20766,3,70529
20767,3,70529
20768,3,70529
20769,3,70529
20770,3,70529
20778,3,70529
20781,3,70529
20785,3,70529
20799,4,92822
20832,1,24799
20834,2,78836
20837,3,87242
20841,3,93098
20845,2,78836
20848,3,90436
20888,3,58061
20889,3,58061
20892,4,68592
20893,4,72192
20938,4,84525
20939,3,70947
20958,3,70947
20963,3,86425
20965,4,93857
20966,3,70947
20979,3,90974
21002,3,70947
21009,3,90974
21016,3,86390
21035,3,70947
21043,3,70947
21051,3,90974
21055,3,90974
21061,3,63518
21066,1,24799
21068,1,24799
21083,1,24799
21089,1,24799
21094,1,24799
21095,1,24799
21100,1,24799
21103,1,24799
21105,1,24799
21109,1,24799
21111,1,24799
21115,1,24799
21116,1,24799
21117,1,24799
21119,1,24799
21146,1,25328
21147,1,24799
21148,1,25328
21149,1,25328
21155,1,24799
21331,3,64639
21336,3,64639
21341,3,64639
21389,3,45978
21391,3,45978
21393,3,45978
21395,3,45978
21475,3,42148
21478,3,39166
21479,3,39166
21480,3,39166
21488,2,28253
21532,3,35113
21533,3,70529
21547,3,70529
21548,3,35113
21553,3,35113
21555,3,35113
21563,4,98557
21564,3,35113
21570,3,35113
21578,3,35113
21582,3,35113
21585,3,70529
21588,3,35113
21594,3,35113
21597,3,35113
21602,3,35113
21603,3,35113
21606,3,35113
21616,3,35113
21618,4,45698
21621,3,35113
21623,3,35113
21627,6,62269
21628,3,35113
21629,3,35113
21630,3,35113
21633,3,35113
21638,3,35113
21653,3,35113
21666,3,35113
21667,3,35113
21668,3,35113
21669,3,35113
21670,3,35113
21673,3,35113
21676,3,35113
21677,3,35113
21686,3,35113
21687,3,70529
21694,3,35113
21696,3,35113
21699,3,35113
21717,3,35113
21732,3,40004
21747,3,35113
21753,3,70529
21759,3,35113
21766,3,35113
21773,3,35113
21777,3,35113
21793,4,92822
21808,5,54750
21812,3,35113
21814,3,35113
21822,3,35113
21828,3,35113
21833,3,35113
21845,3,35113
21855,3,35113
21859,3,35113
21871,3,35113
21896,3,61607
21912,4,123286
21921,4,123286
21927,1,30047
21947,4,71125
21949,3,71157
21988,2,24387
22054,2,24387
22058,2,24387
22067,3,38283
22077,2,24387
22253,3,51309
22283,3,51309
22309,3,51309
22313,1,19618
22331,3,51309
22335,3,51309
22444,3,69346
22610,1,26275
22622,1,21219
22626,2,1139022
22628,6,1264370
22648,2,125729
22649,3,149223
22650,3,149223
22651,2,125729
22654,3,257815
22660,1,62014
22661,3,192869
22663,3,108769
22664,3,130487
22666,4,252885
22669,1,33708
22672,4,221750
22675,2,126266
22676,4,235250
22677,2,126266
22678,2,126266
22681,5,336111
22682,2,136976
22684,4,254842
22685,5,262707
22686,4,189461
22687,5,280351
22688,4,189461
22689,5,282811
22691,2,122760
22693,2,131520
22694,1,37097
22696,4,252885
22697,4,189461
22698,2,147031
22700,4,254842
22703,2,147031
22704,1,37097
22708,2,127452
22711,2,126266
22713,2,136976
22714,1,24686
22715,1,21382
22716,2,76452
22717,2,55417
22718,2,54863
22719,2,144023
22721,2,51721
22722,2,144023
22724,3,140971
22725,2,121603
22727,2,125055
22728,2,125055
22729,2,125055
22730,2,125055
22732,2,125055
22733,2,121582
22734,2,121582
22736,3,140929
22737,2,121162
22738,2,121162
22739,2,123207
22741,1,24686
22742,2,131520
22743,1,24686
22744,2,51721
22745,2,52932
22748,2,54938
22749,1,24686
22750,2,123192
22751,2,51721
22752,2,128399
22753,1,27269
22754,2,128399
22755,1,21344
22758,1,38414
22759,1,23122
22761,1,23858
22799,4,78032
22807,3,203711
22808,2,58416
22809,3,81579
22810,2,59220
22811,2,57754
22812,2,58051
22814,2,56559
22815,2,55317
22816,2,55716
22823,7,1571086
22828,5,1396670
22831,7,161981
22862,2,50391
22865,2,70190
22877,3,265696
22955,2,283474
22956,2,314300
22957,2,465552
22959,2,104487
22962,2,97009
22965,2,283474
22966,2,100524
22969,2,112743
22972,2,95431
22974,2,283474
22975,2,123786
23124,3,165828
23126,2,67015
23190,4,159081
23191,5,208698
23194,5,256419
23195,3,162307
23198,5,300655
23201,7,513859
23203,3,117960
23229,4,140899
23239,3,149478
23247,2,75152
23305,4,132408
23306,5,256280
23319,2,78935
23718,4,57734
23748,4,408495
23806,5,167025
23944,4,124979
24123,4,1340199
24125,1,68407
24128,2,521154
24155,3,129562
24174,5,506426
24225,3,91525
24271,6,274016
24287,6,405749
24303,7,420004
24321,6,423029
24368,4,195090
24432,4,218549
24473,5,100199
24497,4,139329
24499,3,56895
24590,5,177726
24602,3,170154
24605,5,262669
24608,2,65492
24673,7,1793224
24684,7,1209117
24690,6,1373113
24697,10,371727
24702,6,280034
24705,7,356542
24712,7,1716193
24723,7,1657206
24726,4,449693
24772,9,3088913
24776,7,2422171
24827,7,164635
24849,4,215193
24859,4,215193
24866,4,215193
24876,4,215193
24888,4,215193
24899,4,215193
24909,4,215193
24921,4,215193
24927,4,215193
24934,4,215193
24993,4,215193
25071,5,163585
25072,5,1235309
25077,5,163585
25089,5,392667
25092,6,1244462
25099,5,392667
25101,6,1234803
25114,6,1230922
25119,4,98325
25137,6,180900
25145,5,163585
25148,4,98325
25151,5,163585
25169,5,163585
25174,6,1231783
25175,5,163585
25181,5,392667
25185,6,1232906
25198,5,392667
25200,6,1295135
25203,3,137962
25210,5,392667
25211,6,1250306
25226,3,137962
25316,5,1217505
25322,3,47445
25326,3,47445
25327,3,55679
25328,3,55679
25329,3,55679
25330,3,47445
25331,3,55679
25332,3,55679
25333,3,40631
25335,3,40631
25338,3,40631
25343,3,55679
25374,5,132879
25375,6,160361
25377,5,1276836
25429,2,31311
25446,7,1464785
25452,5,153285
25457,6,1229368
25468,6,1321757
25477,7,1279056
25484,6,1322089
25491,8,1451048
25492,5,173179
25493,5,132817
25497,5,157213
25517,6,443676
25551,2,441469
25558,2,84251
25562,2,86040
25563,2,86040
25574,2,86040
25586,2,86040
25589,1,45466
25608,2,86040
25611,2,54464
25620,1,45466
25625,5,346403
25630,4,153161
25642,2,84851
25643,1,9054
25658,1,114643
25661,2,86040
25662,5,526549
25663,1,45466
25671,1,9147
25673,2,84813
25693,1,114643
25694,1,8867
25695,2,84813
25715,1,24064
25724,2,83772
25725,1,9071
25735,6,301592
25741,9,951623
25745,1,8867
25747,2,84648
25763,1,114643
25764,7,904363
25766,2,86040
25772,2,86040
25774,1,8969
25792,2,84251
25794,1,8855
2580,3,458262
25810,6,748472
25814,2,86040
25815,1,8899
25824,6,301592
25833,1,114643
25835,1,9301
25836,2,86040
25852,6,562446
25857,1,114643
25858,2,86040
25859,1,9212
25871,5,281166
25889,1,9132
25902,8,751387
25904,2,86040
25906,1,9284
25925,2,86040
25926,1,9189
25945,2,86040
25946,1,9156
25956,1,114643
25957,1,9243
25958,3,100529
25977,1,132051
25978,2,86040
25990,1,45466
26001,2,86040
26014,2,86040
26027,3,509959
26034,2,86040
26043,1,45466
26044,2,86040
26055,2,84251
26071,2,86040
26089,4,151154
26093,4,153161
26114,1,37736
26117,2,86040
26118,1,45466
26130,2,86040
26142,5,169562
26161,1,9076
26172,5,578106
26185,2,86040
26203,2,444961
26204,1,9130
26227,1,8888
26233,5,281166
26242,1,114643
26249,4,85789
26256,1,8778
26275,5,528756
26280,4,198565
26286,4,198752
26287,4,198565
26295,5,528756
26319,7,429826
26321,7,429826
26322,7,429826
26323,7,429826
26324,7,429826
26336,4,307528
26338,4,307528
26340,5,145529
26347,4,307528
26359,3,262529
26394,4,349714
26404,1,27507
26416,4,307528
26422,4,307528
26542,5,300323
26543,1,26003
26546,6,1561671
26547,2,109762
26551,1,26448
26552,5,489917
26558,1,21680
26559,6,1552584
26560,7,1711978
26562,6,1568739
26564,6,1575768
26566,1,25508
26568,3,158399
26573,5,300323
26576,1,26398
26578,5,300323
26579,5,300323
26580,1,72617
26583,2,52861
26585,6,1751270
26588,6,1763640
26589,1,72617
26591,6,1746179
26593,6,1752318
26596,6,1767749
26599,7,1579644
26600,1,72617
26602,5,300323
26603,5,489917
26605,6,1746576
26606,1,72617
26608,6,1754837
26609,6,1553871
26610,3,77757
26616,7,429826
26623,6,1557877
26627,1,72617
26628,1,26649
26629,1,72617
26630,6,1607319
26631,6,1748747
26643,3,595147
26646,1,69830
26647,1,69830
26648,6,301592
26649,6,301592
26650,1,69830
26654,1,69830
26658,1,69830
26667,1,69830
26688,5,205923
26691,5,205923
26692,5,205923
26694,5,205923
26695,5,205923
26699,5,205923
26701,5,205923
26702,5,205923
26708,5,205923
26712,6,518485
26721,2,76381
26723,5,143361
26726,5,146866
26728,5,214516
26729,5,166406
26731,6,188428
26775,6,255854
26777,6,255854
26778,7,385719
26780,6,255854
26782,6,255854
26783,8,290900
26784,8,294403
26785,7,266407
26786,6,255854
26787,8,659689
26789,8,657600
26790,6,255854
26791,6,255854
26794,6,1356368
26795,6,255854
26797,6,1376445
26800,6,255854
26814,9,452018
26830,3,184381
26833,3,184381
26838,5,1133977
26839,1,51708
26871,4,74919
26872,4,74919
26873,4,74919
26874,4,74919
26879,4,119822
26909,3,73634
26916,3,99856
26932,6,1302643
26933,6,1314363
26934,5,1293517
26935,6,1303588
26936,6,1318054
26937,6,1317014
26938,6,1310549
26939,6,1308447
26940,6,1301612
26941,6,1306129
26942,6,1317766
26953,3,59496
26961,3,59496
26964,3,59496
26969,3,59496
26977,3,59496
26980,3,59496
26997,1,22927
26999,3,382463
27024,1,28040
27035,4,102218
27037,4,65296
27039,4,102218
27044,4,155534
27048,3,73634
27049,4,102218
27053,6,1296698
27054,4,75842
27056,5,109042
27062,6,1262107
27067,3,73634
27076,4,64015
27077,6,198676
27085,7,1346272
27087,3,254058
27088,4,1184210
27089,5,126416
27093,4,196901
27098,4,120197
27108,5,105409
27119,7,218669
27125,5,175253
27133,4,75842
27135,4,81597
27136,6,198676
27137,5,93767
27138,4,800661
27139,5,180800
27140,4,81597
27142,5,152255
27143,7,155836
27147,4,120458
27150,4,132553
27151,4,151830
27155,4,75842
27156,6,198676
27164,6,198676
27169,4,102218
27172,4,75842
27173,5,175253
27176,3,74897
27198,5,149269
27199,5,91326
27207,5,175253
27213,6,198676
27217,2,85204
27222,5,175253
27224,5,95484
27235,4,102218
27245,6,198676
27247,6,198676
27251,3,73634
27266,5,109042
27267,5,683094
27279,5,143505
27280,6,128492
27283,6,116220
27308,3,59575
27309,4,115245
27311,4,78233
27324,4,85166
27325,5,154648
27326,4,86538
27329,5,282671
27330,5,282671
27343,4,78233
27347,4,78233
27357,4,93691
27358,5,117791
27360,4,93691
27382,5,282671
27400,3,129979
27405,5,132277
27406,4,115245
27534,3,56248
27559,5,149046
27570,4,142552
27575,5,147877
27583,4,109985
27662,4,134110
27663,4,134110
27664,4,134110
27665,4,134110
27708,7,637458
27710,4,496484
27725,4,276895
27888,6,339248
27901,9,466269
27938,3,172843
27947,5,206081
27964,4,110330
27968,2,110216
28006,2,213836
28007,2,213836
28008,2,213836
28011,2,36149
28013,3,88753
28033,3,73637
28034,4,116835
28102,4,57648
28105,3,159631
28167,2,91683
28178,5,245412
28181,5,245412
28199,5,245479
28200,5,245479
28201,5,245479
28202,5,245479
28203,5,245479
28204,5,245479
28213,3,109775
28214,3,109775
28227,3,237873
28265,1,94496
28266,5,655651
28294,1,94496
28297,5,655651
28334,4,60278
28347,1,94496
28355,5,655651
28373,5,655651
28390,5,702725
28423,5,655651
28437,4,235528
28438,5,655651
28468,5,655651
28497,5,655651
28518,3,54950
28572,1,94496
28600,3,219133
28630,5,655651
28640,3,54950
28833,3,65507
28834,1,69463
28836,3,65507
28837,3,65507
28841,1,69463
28843,1,69463
28844,3,65507
28873,3,260911
28874,3,238966
28875,3,238966
28877,3,260911
28878,3,260911
28893,3,253899
28905,2,231666
28913,3,255457
28926,4,127112
28955,3,304668
28973,2,220823
28976,4,149445
28980,3,304668
28991,4,149445
29000,4,149445
29003,4,149445
29007,6,225233
29013,3,304668
29032,2,231666
29041,4,149445
29048,2,231666
29050,2,231666
29058,3,255457
29070,3,255457
29104,5,79280
29107,6,223560
29109,3,73956
29110,6,223560
29114,6,223560
29115,4,60278
29116,4,77718
29117,3,39158
29118,3,39158
29120,4,60278
29121,3,39158
29122,3,76851
29123,3,76851
29124,3,47798
29125,5,203382
29127,3,47798
29128,6,223560
29129,3,78018
29172,6,1457094
29173,5,1384022
29174,6,1411582
29175,5,1378382
29176,6,1403265
29177,4,254025
29178,5,1379407
29180,6,1401147
29181,6,1410049
29183,6,1398914
29185,4,296095
29186,4,296095
29189,4,296095
29286,3,49080
29295,3,49080
29300,3,273627
29302,5,959080
29331,3,52742
29332,3,52742
29333,3,52742
29334,3,52742
29340,3,82317
29355,3,67204
29358,3,67204
29360,3,67204
29367,2,44625
29391,5,102046
29474,3,53774
29489,5,89263
29498,4,1426040
29514,4,69374
29515,5,89263
29539,4,1426040
29582,5,89263
29618,4,1426040
29655,5,469363
29667,5,404075
29679,4,1191644
29702,5,404075
29709,6,492808
29721,5,89263
29725,3,993764
29733,3,57796
29742,4,1247317
29757,3,57796
29773,5,89263
29794,3,67569
29811,3,57796
29827,3,57796
29833,3,71513
29900,5,1315922
29960,3,143857
29977,2,39481
3,6,235381
30047,4,75453
30048,4,123715
30049,4,123715
30050,4,123715
30051,4,75453
30052,4,123715
30053,3,88033
30054,4,107973
30055,4,114364
30056,4,114364
30060,3,51951
30084,3,143857
30086,4,169936
30091,3,143857
30092,4,169936
30102,4,91144
30113,3,143857
30119,4,91144
30129,3,143857
30142,3,143857
30145,3,69364
30184,3,63432
30185,3,63432
30186,3,63432
30187,3,63432
30189,3,63432
30190,3,63432
30193,3,63432
30194,4,84588
30196,3,63432
30199,4,84588
30213,6,357146
30215,5,89263
30216,6,248514
30217,6,1355822
30218,4,74766
30219,5,89263
30220,6,248514
30221,6,248514
30222,6,248514
30223,8,314171
30224,6,248514
30225,6,155716
30226,6,1344284
30227,5,94324
30228,6,248514
30229,6,248514
30230,5,94260
30288,8,1669235
30289,5,308166
30290,5,308166
30291,5,308166
30292,5,308166
30293,5,308166
30294,5,308166
30295,5,308166
30413,3,201109
30416,4,235628
30431,4,225989
30440,3,48248
30458,5,593314
30461,4,276734
30466,4,276734
30467,4,287363
30468,4,276734
30472,4,287363
30473,4,276734
30475,3,35398
30477,3,35398
30481,3,35398
30491,5,573496
30492,3,35398
30493,3,35398
30495,5,573496
30496,3,171556
30502,3,171556
30503,4,314111
30508,3,35398
30509,3,171556
30510,4,314111
30521,4,415177
30522,4,415177
30523,4,415177
30524,4,415177
30525,4,415177
30526,4,415177
30527,6,1326713
30528,6,1325537
30530,6,1332918
30531,6,1327262
30532,6,1324002
30534,6,1331039
30535,6,1334924
30537,6,1365351
30538,4,141940
30543,5,1278601
30544,4,142542
30547,4,142542
30548,4,142542
30550,5,173304
30552,4,142542
30668,3,43284
30669,4,57448
30670,3,43284
30671,3,43284
30693,4,310572
30695,4,310572
30719,3,206489
30721,3,206489
30723,3,206489
30732,3,206489
30734,3,206489
30737,3,206489
30738,3,206489
30739,3,206489
30745,3,206489
30751,3,102621
30752,3,102621
30753,3,102621
30853,5,532758
30876,5,532758
30931,3,60583
31010,4,92747
31037,4,121866
31039,4,121866
31040,4,121866
31043,4,121866
31044,4,121866
31045,3,100876
31047,4,144973
31051,4,144973
31052,4,144973
31053,4,144973
31055,4,144973
31056,4,144973
31057,4,144973
31059,3,33787
31076,3,127442
31082,3,33787
31143,4,301654
31144,4,301654
31145,4,301654
31146,4,301654
31148,4,301654
31149,4,301654
31160,3,57584
31161,6,1260504
31174,3,57584
31182,5,1233284
31185,3,57584
31188,3,57584
31193,5,132609
31200,3,47824
31203,4,73499
31204,6,1269018
31208,4,73499
31209,3,47824
31212,6,1249458
31216,6,1267969
31218,6,1253585
31220,3,57584
31242,6,1216079
31244,5,83861
31258,6,143043
31260,6,149212
31263,5,134804
31272,5,134804
31308,5,159664
31311,4,146090
31312,4,146090
31313,4,146090
31314,4,146090
31329,4,75681
31386,3,65133
31388,3,92463
31390,3,92463
31391,3,92463
31523,5,221042
31525,5,221042
31526,5,221042
31528,6,252956
31529,5,221042
31535,3,115992
31543,3,172537
31559,3,79176
31570,6,203485
31577,3,82922
31580,5,118378
31593,5,114769
31595,2,30667
31602,5,114181
31606,6,190413
31614,3,82922
31617,6,1318267
31618,3,82922
31622,7,1351143
31623,3,90225
31625,5,215907
31635,5,112515
31640,5,118858
31648,3,60012
31659,3,82922
31668,5,227029
31674,4,103515
31676,6,202408
31689,4,103515
31695,4,103515
31704,3,84541
31709,5,171908
31711,4,103515
31718,3,81008
31721,5,171908
31737,6,1324728
31753,6,218243
31756,6,215518
31757,6,215518
31758,6,215518
31760,6,215518
31766,6,204478
31769,6,204478
31780,3,78833
31783,4,106129
31784,4,114189
31786,3,78600
31792,4,114189
31801,4,61376
31804,4,114189
31806,4,114189
31812,5,135295
31836,6,1372779
31840,3,80855
31846,3,75906
31847,6,2345030
31848,7,1793817
31849,5,1344168
31850,6,386394
31851,3,105718
31853,3,108033
31862,5,149261
31866,5,161043
31872,3,67312
31873,4,132918
31906,4,117350
31908,6,225170
31912,1,49997
31952,5,99725
31953,5,94209
31954,5,109658
31955,5,99725
31956,1,34141
31957,6,121215
31958,5,97843
31959,6,121215
31960,5,97843
31982,3,23085
31983,3,23085
31984,3,23085
31985,3,23085
31986,3,23085
31987,3,23085
31990,3,23085
31999,5,265273
32002,3,48946
32003,4,162684
32005,3,146635
32008,5,1257750
32009,5,1253522
32010,5,1266687
32011,5,1255156
32012,5,1257073
32013,5,1264152
32015,5,1284853
32016,5,1260556
32017,5,1250795
32032,8,274828
32088,7,273814
32089,7,273814
32124,3,107574
32131,4,110857
32142,3,61363
32167,3,61363
32204,3,98253
32206,3,98253
32207,3,68154
32208,3,147738
32209,3,108768
32210,3,108768
32212,3,122951
32243,5,169378
32250,5,169378
32257,5,169378
32279,4,146580
32389,4,182684
32760,4,187599
32808,5,1800835
32853,2,38404
32857,2,62704
32860,2,40471
32863,2,38967
32873,4,171576
329,3,30710
32951,8,603581
330,1,225210
33091,3,244650
33092,5,344114
33099,4,356816
331,2,201733
33107,4,368604
33108,5,515373
33114,4,338331
33119,6,533509
33129,2,819555
33146,4,280405
33148,2,443775
33149,4,252905
33151,2,336953
33183,2,131332
332,1,219261
333,5,416564
334,5,416564
336,6,347709
33625,4,268191
33709,4,180071
33727,6,369792
33962,6,1430813
34339,15,1291008
34377,3,286749
34378,3,182683
34379,3,198990
34380,4,194021
34404,4,266199
34405,3,70545
34760,4,229215
34866,1,37959
34877,4,946150
34936,3,84211
34946,4,656212
34947,2,59262
34952,3,95970
35022,4,172940
35024,5,376118
35036,5,144143
35064,7,530519
35254,3,279266
35262,4,525301
35309,5,550559
35312,6,995783
35387,3,397220
35547,3,351382
35631,3,428273
35684,3,217802
35760,5,256942
35784,2,154832
35801,5,284168
35876,3,327923
35971,1,161532
36385,4,102660
36386,7,227998
36391,8,255673
36484,9,703539
36487,5,1378913
36495,8,670197
36496,8,670594
36499,9,767890
36505,10,865583
36509,8,669967
36519,5,1350845
36523,8,670594
36526,9,767660
36528,10,863942
36529,8,662033
36531,8,669967
36532,8,670197
36533,9,769699
36534,9,767890
36543,7,572274
36573,10,676808
36790,4,168135
36841,3,101905
36844,5,114388
36845,4,123567
36851,4,125861
36852,3,89877
36888,3,84694
37300,5,221104
37305,6,220950
37308,8,514412
37385,4,234861
37502,10,633660
37530,7,3811957
37549,4,1291434
37608,2,79740
37614,3,163107
37617,3,193195
37620,3,167352
37621,4,341412
37788,5,169443
37863,4,253176
37865,5,278694
37903,3,84180
38050,3,171595
38055,5,204081
38072,3,79945
38075,3,267343
38077,3,141336
38079,4,163960
38081,5,200257
38082,4,886164
38098,4,148860
38122,3,147294
38159,3,200026
38251,2,27279
38273,3,62878
38283,6,1223073
38284,5,1229055
38286,5,1258786
38292,3,290858
38312,1,28923
38322,1,16188
38325,3,72620
38365,1,15158
38405,5,1235161
38406,5,1292112
38407,5,1246219
38408,5,132850
38412,4,643314
38422,1,17874
38525,1,32283
38527,1,32283
38530,1,32283
38531,1,32283
38533,1,32283
38534,1,32283
38601,6,1097129
38845,4,155377
38891,3,61525
39009,5,497613
39018,3,276352
39019,3,238939
39022,3,143867
39074,2,138811
39099,4,292513
39100,3,182023
39101,3,225573
39104,4,292462
39105,3,164467
39110,3,182893
39115,3,224164
39125,3,211988
39140,2,115872
39143,2,105026
39224,1,37961
39225,2,120543
39228,3,221056
39293,1,50723
39506,1,19445
39507,1,19445
39508,1,19445
39673,3,65584
39676,3,61456
39680,3,83055
39684,3,84917
39688,3,61922
39699,3,61922
39707,3,61922
39711,3,61922
39723,3,61922
39726,3,61922
39731,3,61922
39735,3,61922
39738,1,19445
39743,3,61922
39756,3,61922
39765,3,61922
39771,3,52045
39775,1,17691
39783,4,80826
39791,3,61922
39801,3,61922
39802,1,17691
39812,1,17691
39818,3,61922
39840,3,61922
39842,3,61922
39843,3,92034
3998,3,247151
4,4,111936
40,3,121824
40176,1,52630
40184,3,128905
40213,4,143216
40214,7,314719
40227,8,4424317
40243,5,465554
40244,11,923582
40273,6,480033
40285,6,607414
40288,6,412865
40295,7,496705
40296,5,256572
40337,10,1053967
40392,4,865323
40408,10,4297815
40432,7,707066
40442,8,1118748
40443,4,264527
40452,10,687647
40491,7,464187
40503,14,918951
40521,9,5237230
40528,6,289805
40566,4,175495
40697,3,278817
40706,3,136568
40709,4,401510
40854,6,321510
40855,1,93259
40860,7,374659
40867,6,2010247
40887,6,471257
40890,6,365227
40893,6,388952
40979,4,159485
40981,4,885986
40983,3,485056
40984,4,159485
40985,4,159485
41087,3,516975
41162,5,244065
41222,5,193526
41223,3,142300
41225,5,193526
41236,4,214960
41238,8,293442
41319,10,191473
41322,8,272327
41334,1,20638
41472,7,2083462
41474,3,1048790
41480,3,1068562
41481,6,2383173
41483,6,2133428
41484,6,1042258
41542,3,207510
41543,3,201107
41548,3,139299
41549,4,288495
41558,6,391528
41560,4,808032
41561,4,768159
41562,4,1360351
41564,5,1424060
41651,12,853036
41653,6,254332
41679,5,289153
41688,3,168472
41689,3,164710
41690,3,164710
41692,4,219953
41693,3,164710
41695,5,281784
41711,4,264071
41722,3,133678
41723,4,1256447
41724,4,236473
41729,3,133678
41730,4,1263435
41731,3,133678
41734,6,470535
41735,4,300735
41737,3,52518
41738,4,129017
41740,4,108833
41742,3,99250
41743,4,108833
41744,4,108833
41745,4,144055
41746,5,188860
41747,4,108833
41748,4,144055
41749,4,108833
41750,4,99297
41753,4,1498154
41754,4,241424
41761,4,226257
41763,3,140892
41764,8,294215
41782,3,84726
41784,3,134154
41793,3,148518
41797,3,52480
41799,7,398897
41800,7,402760
41822,10,685744
41828,3,152770
41829,3,152770
41831,3,152770
41833,3,138682
41834,3,138682
41836,6,332938
41839,3,138682
41930,3,876617
41935,5,723255
41944,4,110338
41979,1,47091
4199,1,176014
42008,8,1427794
42012,1,471519
42025,5,454243
42029,6,484660
42032,6,330734
42035,1,441441
42036,1,546960
42045,1,254283
42048,6,481935
42049,4,1307160
42052,5,390000
42054,5,241302
42056,4,501944
42057,5,314417
42061,5,1389133
42067,3,910085
42095,1,305443
42096,1,268760
42100,1,51262
42104,5,1711612
42114,3,247033
42120,4,217010
42121,4,237923
42123,5,842033
42129,3,223477
42144,5,255386
42150,2,233542
42198,2,73706
42208,4,282359
42218,3,267553
42253,4,199140
42256,3,206278
42283,9,592998
42287,5,548291
42288,6,1524150
42291,4,284122
42321,6,499682
42330,6,793524
42332,1,317085
42346,2,974205
42347,1,74074
42381,4,558005
42399,6,358439
42405,5,250216
42409,4,221748
42411,6,1506048
42418,6,570866
42440,6,379120
42447,3,1398738
42458,3,188258
42467,5,200564
42504,7,1554538
42505,7,1577560
42507,5,1475208
42525,4,759769
42531,6,1650534
42533,5,1456962
42534,5,1607527
42537,6,1350178
42538,5,244250
42539,6,310449
42540,3,94729
42541,3,493595
42564,1,69234
42576,3,110089
42578,6,196980
42580,8,589689
42672,4,233690
42708,3,267682
42716,5,458319
42748,4,1455758
42803,5,555134
42815,8,779117
42841,4,177461
42870,3,136186
42893,4,156851
42894,1,432774
42896,1,432774
42900,1,432774
42901,3,219028
42905,3,119039
42916,1,432774
42919,1,432774
42920,3,516517
42921,3,139821
42922,4,182602
42923,3,139821
42925,2,97040
42926,3,139821
42927,4,182602
42931,4,182602
42950,1,33794
43040,4,133506
43053,3,157454
43079,3,157454
43098,3,157454
43108,4,197844
43121,3,157454
43141,3,157454
43150,3,95217
43151,3,95217
43160,3,95217
43167,3,95217
43178,3,95217
43185,3,95217
43214,3,95217
43224,3,131286
43236,3,119039
43240,3,119039
43244,3,157454
43256,3,119039
43257,3,157454
43264,4,200523
43268,3,177937
43278,3,95217
43287,4,125692
43291,3,95217
43297,3,95217
43304,3,95217
43311,1,432774
43315,4,128041
43319,1,432774
43322,1,432774
43474,5,1423789
4353,1,265701
43542,9,328691
43546,5,162853
43555,6,322036
43577,3,227754
43597,5,415425
43602,4,328132
43611,12,1097390
43614,4,298199
43650,2,181605
43669,5,359881
43670,1,104534
43698,1,100216
43709,3,297499
43711,6,467942
43714,7,545798
43715,4,244333
43719,6,539770
43721,7,642859
43750,4,276520
43751,8,722469
43777,3,261364
43806,6,182114
43807,7,807178
43811,6,334944
43812,5,378613
43820,5,438706
43824,5,375718
43845,7,543843
43862,3,269492
43881,5,1277046
43882,3,698396
43925,3,99787
43927,3,107129
43953,5,342042
43955,5,582012
43956,5,187022
43957,6,644168
43958,6,416473
43960,4,364459
43961,11,1040084
43964,11,973311
43973,4,127743
43985,5,100885
43989,4,162613
43991,6,1358272
43992,5,1272317
43993,6,1291803
44423,3,241011
44460,4,134200
44663,13,860828
44734,3,422349
44749,5,245333
44859,4,116994
45046,4,151984
45049,4,151984
45104,4,133135
45121,3,48011
45124,5,126336
45144,4,135902
45155,5,220635
45158,5,247944
45172,5,254156
45173,4,179602
45187,5,238685
45200,3,206694
45203,4,193757
45396,7,280934
45417,6,263266
45484,3,375958
45486,3,335340
45511,4,363128
45542,5,185792
45611,1,30101
45654,1,24158
45675,4,114195
45689,3,219657
45740,9,3592520
45755,6,1828178
45767,9,3590475
45773,8,2410853
45788,8,3275993
45796,6,1871517
45807,8,2410853
45814,3,84364
45829,1,16133
45840,4,345833
45842,1,24353
45844,1,24353
45865,5,1859417
45878,6,2268249
45880,1,18661
45905,6,2253227
45910,1,18661
45930,3,73883
45939,4,191430
46022,7,494389
46106,3,67717
46109,1,17247
46113,3,54185
46123,3,47759
46127,3,60531
46146,3,65739
46165,3,48291
46171,3,54930
46172,3,69305
46188,3,81196
46249,3,82680
46262,3,54930
46267,4,206630
46290,1,16605
46301,5,604295
46304,5,1655018
46349,2,79115
46357,3,126402
46398,3,974727
46399,3,974727
46423,3,2265761
46593,8,580129
46654,11,1303952
46655,8,886200
46679,4,161008
46709,6,269149
46838,8,552627
46906,3,237568
47027,3,396337
47145,3,198272
47172,3,205365
47180,3,120869
47182,2,154787
47185,3,326055
47191,5,269994
47195,2,39564
47197,2,61844
47202,6,417160
47204,2,68396
47206,2,58115
47211,7,462788
47214,2,61581
47215,3,276601
47216,2,43260
47217,12,791954
47218,3,298202
47221,4,203622
47258,7,429838
47261,4,173087
47263,4,82010
47270,4,163535
47278,3,98130
47295,2,63285
47303,3,89600
47354,4,500058
47378,5,152661
47389,4,182270
47390,3,78152
47391,4,73481
47404,1,22484
47468,1,25013
47969,2,35310
48184,8,785187
48187,2,181800
48198,2,121608
48242,4,180621
48244,4,745402
48303,2,551507
48332,2,572046
48336,2,572046
48343,3,199153
48344,3,199153
48346,3,146093
48348,3,146093
48630,4,231289
48633,4,231289
48634,5,430100
48637,8,491695
48647,9,2517065
48653,2,150326
48659,2,108514
48660,3,189128
48665,10,845383
48749,4,120349
48753,3,73799
48864,3,74034
48866,3,64122
48872,3,86033
48878,3,86033
48953,3,57292
48964,10,977368
49049,6,445474
49066,12,801452
49067,8,1420888
49081,12,953311
49155,4,135634
49159,4,125868
49163,5,168114
49165,5,168114
49219,6,168333
49269,4,142816
49294,4,87784
49312,4,108399
49313,4,108399
49315,5,136064
49339,3,76693
49346,9,695715
49349,9,639398
49374,11,1210997
49459,10,1045184
49460,17,3613198
49464,7,754552
49535,2,61121
49537,2,62154
49539,4,273784
49584,3,77004
49617,4,281571
49636,3,336833
49672,2,214852
49678,6,334324
5,5,412965
5004,3,621302
50537,3,118841
507,6,364649
51205,4,197754
51342,5,349954
51422,5,378142
51424,4,260155
51425,1,65881
51442,4,987905
51443,7,472823
51459,9,691775
51522,13,1069822
51525,7,800024
51526,11,4837084
51529,8,725630
51538,9,837238
51549,5,253025
51630,8,569787
51655,4,185553
51763,5,73922
51809,7,366520
51820,1,43591
51826,7,403983
51827,1,165422
51832,4,181253
51838,5,353215
51855,5,349417
51859,1,42019
51892,2,88210
51893,2,88210
51895,2,111353
51896,2,111353
51944,3,216018
51946,4,231767
51978,3,235026
52076,10,572977
52217,4,216482
52402,4,354637
52407,4,217359
52416,5,622291
52421,5,231712
52454,6,391504
52455,5,328713
52459,10,526958
52573,5,272616
53053,3,895948
53343,5,198503
53344,4,72032
53394,3,67186
53397,3,126605
5346,1,418050
53496,3,164317
53503,3,118886
53630,4,457211
53650,8,658820
53662,5,493879
53780,6,602553
53873,8,396460
54363,3,157673
54392,2,47534
54529,8,361912
54691,2,173588
54701,1,32272
54709,1,37869
54765,3,331190
54812,6,1265411
54814,5,326179
54815,5,131015
54820,3,92409
54822,4,70320
54918,6,318282
54963,7,296783
55054,4,381867
55230,4,122608
55262,4,157812
55277,3,383679
55293,10,1652311
55296,13,2888497
55309,4,231265
55310,3,80109
55313,4,384601
55321,4,290874
55480,5,1294417
55566,2,88578
55567,2,88578
55568,2,81788
55569,2,79364
55573,2,66770
55602,3,103564
55621,6,279397
55636,9,440496
55653,5,267391
55654,7,625757
55655,5,297044
55718,2,107930
55720,2,77293
56074,5,164814
56118,1,26906
56123,4,103267
56125,5,146866
56128,3,76394
56129,2,61114
56148,1,47935
56241,4,76457
56242,4,76457
56243,4,76457
56247,4,76457
56254,5,207068
56255,5,481497
56256,5,207068
56268,5,207068
56275,5,207068
56285,5,108922
56288,5,545777
56289,5,1243257
56291,6,812467
56332,4,124363
56367,4,489373
56377,3,377218
56381,3,377218
56411,6,665427
56415,4,151372
56434,3,162204
56440,4,1223953
56441,4,205967
56606,9,770359
56607,8,628914
56608,7,870900
5661,3,304436
56633,9,713995
56719,7,953768
56740,3,1048548
56748,3,1048548
56750,1,17120
56751,3,1048548
56761,2,68695
56767,3,1048548
56783,2,76408
56788,3,164965
56809,3,149073
56810,2,86905
56821,3,1048548
56824,2,93425
56826,3,1048548
56837,1,32179
56859,3,1048548
56869,1,36882
56875,2,108701
56907,3,133358
56909,3,1048548
57071,3,41000
57075,3,41000
57081,3,50602
57123,10,649200
57130,7,623819
57223,4,151984
57225,4,151984
57227,5,186336
57228,4,151984
57229,4,151984
57231,4,151984
57233,4,151984
57287,5,360485
57347,7,348567
57379,9,896746
57475,3,129696
57552,10,607395
57553,7,3051782
57567,5,311616
57573,8,751504
57590,3,70553
57591,5,1459127
57592,5,355253
57593,5,354496
57594,5,1162284
57595,5,1180441
57597,5,1041319
57598,4,847044
57599,4,847044
57600,4,847044
57606,4,847044
57609,4,247809
57611,5,299231
57612,4,247809
57615,4,247809
57616,4,247809
57617,4,247809
57618,4,247809
57619,5,115263
57620,4,88042
57621,5,115263
57622,5,115263
57623,5,115263
57624,5,115263
57625,5,115263
57626,5,115263
57628,1,31766
57629,1,31766
57630,1,31766
57631,1,31766
57632,1,31766
57776,1,36331
57886,3,51564
58147,6,2364849
58152,5,2226067
58155,7,1796870
58158,5,2222105
58159,5,1861875
58161,5,2221189
58166,5,1942722
58173,5,2227975
58176,5,2223834
58180,5,2221983
58186,5,2402394
58200,5,1867268
58201,5,2226734
58209,5,2076925
58215,5,1940608
58222,5,1959593
58234,5,1959759
58236,5,1933625
58239,4,132290
58246,5,1950388
58252,5,1959107
58254,4,131290
58258,5,827824
58259,5,2419769
58268,5,975717
58273,5,2083625
58278,5,975717
58284,5,2074699
58296,5,2077947
58297,5,2403692
58302,3,179477
58304,2,76143
58311,5,2415633
58317,5,2080334
58323,5,975717
58324,5,1300816
58333,5,2081633
58334,5,2236057
58339,5,2079925
58340,4,151856
58342,5,2078127
58343,3,116092
58345,5,2401682
58347,5,2414717
58351,5,2399669
58352,5,2077570
58356,5,2475734
58357,4,174106
58362,3,97162
58363,5,1934208
58365,5,2405036
58373,5,1929642
58375,4,132290
58380,5,1300816
58381,6,2323526
58390,5,2492440
58391,5,2076151
58393,4,151856
58396,5,1582385
58399,5,1568795
58400,5,1581951
58406,5,1584843
58410,5,1675358
58415,5,1457512
58417,5,1420839
58425,5,1578245
58429,6,1641423
58434,5,1577088
58437,5,165335
58438,6,1436553
58441,4,131290
58442,5,1583431
58445,5,1457879
58459,5,1463886
58463,5,1396030
58465,4,132290
58563,4,145514
58568,4,145514
58571,4,145025
58573,5,278325
58618,1,41318
58752,1,36331
58754,1,36331
58756,5,112059
58758,1,36331
58759,1,36331
58760,1,30582
58761,1,45452
58764,1,36331
58765,1,28812
58766,2,142417
58771,1,45028
58777,1,39803
58780,2,142417
58781,4,98620
58783,4,77991
58787,7,292209
58790,5,104405
58793,5,152721
58796,4,85383
58797,5,110951
58800,1,36331
58805,5,1216931
58806,1,22916
58808,1,38941
58809,1,38941
58810,1,38941
58814,1,38941
58816,1,38941
58817,1,22916
58858,1,140947
58880,5,1495424
58884,5,1887273
58888,5,1499229
58889,5,1491073
58892,13,901226
58900,5,1870248
58906,5,1503701
58909,5,1597396
58912,5,2209223
58913,5,1496146
58919,5,1502217
58922,5,1504092
58929,5,2766088
58931,5,2116399
58933,6,1314013
58934,6,2047279
58945,5,947152
58951,4,119975
58956,5,1025803
58957,5,2127792
58967,5,1025803
58974,4,197439
58979,5,1025803
58981,5,2126817
58982,3,172531
58983,5,2668776
58984,5,1606271
58987,5,132294
58991,4,119975
58992,5,2190783
58994,3,172934
58995,5,203369
58998,4,112493
59000,5,1025803
59004,3,172934
59015,5,2151158
59020,4,112493
59021,4,157065
59022,5,1530846
59028,4,112493
59031,4,157065
59033,5,1295388
59034,5,1571981
59038,1,21376
59042,6,2286682
59043,5,1512113
59045,5,1403091
59046,6,1537978
59049,3,172934
59057,5,2095717
59058,5,2126711
59065,5,2082999
59070,6,2287269
59081,5,2085308
59087,6,1436007
59088,3,91211
59090,6,1435518
59092,7,1474265
59095,6,1368089
59096,5,1230191
59100,4,112493
59101,3,173354
59103,6,1352724
59109,5,1220907
59119,6,1454103
59120,5,1261718
59124,5,1240743
59131,5,1284359
59135,5,1233492
59138,5,1219821
59141,4,1240592
59144,6,1360933
59149,6,352156
59152,5,1223574
59154,5,1237544
59162,6,1282219
59163,4,75980
59166,4,119975
59169,5,1326115
59172,3,173354
59180,3,172934
59181,6,1279495
59186,4,157065
59189,4,156140
59192,5,1276963
59200,5,1438254
59201,5,1395127
59210,5,1285998
59254,4,905390
59256,4,905390
59258,3,173354
59262,3,673907
59271,5,1247935
59331,4,77150
59332,4,99531
59333,4,92394
59336,4,67128
59424,3,171554
59428,4,99251
59429,4,99251
59436,4,190077
59440,4,91528
59448,4,193888
59453,4,193888
59457,5,196523
59464,4,193888
59469,4,193888
59480,5,125658
59486,4,193888
59519,5,2081395
59533,4,86693
59611,3,39695
59617,3,125224
59682,5,145944
59712,2,526860
59861,5,164461
59902,5,227111
59941,3,207637
59992,3,81891
6,2,88420
60053,4,105469
60058,6,250688
60061,4,105469
60073,4,53160
60086,5,72895
60093,4,59938
60097,4,59938
60099,5,1249977
60100,4,59938
60103,4,59938
60184,4,53608
60188,3,39709
60192,5,154360
60197,3,39709
60379,4,216028
60604,1,14196
60658,4,102902
60688,3,101689
60722,10,824436
60727,9,614340
60734,4,401770
60735,4,353367
60736,3,245564
60737,3,384972
60739,4,169092
60761,1,40874
60766,3,203063
60907,7,741584
60945,4,143561
60951,6,1975371
60967,5,855241
60973,3,108102
60975,3,102642
60976,3,105639
60977,3,105436
60979,3,102337
60980,3,183984
60982,3,111350
60984,3,100275
60985,3,103817
60987,5,345008
61014,6,233429
61019,3,117355
61021,3,117355
61027,3,117355
61033,4,541867
61041,4,466134
61128,1,24926
61132,5,237251
61181,3,923215
61182,3,923215
61184,5,1017605
61186,5,970090
61187,5,1458118
61189,5,1018203
61192,5,1012500
61194,5,1017342
61217,4,193368
61218,4,193368
61313,3,100188
61383,7,1371456
61398,7,284373
61527,4,130028
61528,5,423616
61529,5,423616
61549,8,206777
61551,6,143366
61556,3,60256
61564,7,386721
61587,5,261982
61590,4,94111
61680,6,301097
61682,2,347673
61683,2,283876
61753,8,706225
61771,7,881976
61776,7,301717
61794,3,243894
61807,5,192025
61808,5,200447
61809,6,242662
61812,3,1211028
61830,3,723384
61835,5,2223044
61841,3,798363
61852,4,187716
61856,5,192853
61863,5,2898362
61879,4,222174
61882,6,351952
61884,6,282685
61926,6,1501794
61927,5,907916
61934,7,3083540
61935,4,204679
61968,3,90123
61982,8,326196
61984,7,790748
62035,13,1221229
62046,7,672728
62116,1,106259
62131,3,204555
62158,3,104317
62249,3,100279
62329,7,740459
6365,2,574683
6777,3,289598
6806,3,193477
6924,3,482181
6947,3,402264
6957,3,402159
7,1,49339
7045,3,402230
7047,2,219540
7066,3,401881
7073,3,402131
7084,3,402172
712,1,169334
7125,3,401670
7179,3,402152
7181,3,402189
7206,3,402084
7244,3,543074
7259,1,120755
7263,1,120627
7272,1,120725
7279,1,120714
7287,1,120712
7317,3,193115
7394,3,200612
7397,3,199219
7399,3,199218
7402,3,199137
7404,3,199072
7678,3,342215
7679,3,341694
7759,3,451828
7843,3,342368
8272,1,100550
8287,3,142724
8292,2,144084
8451,2,172392
8457,3,142470
8460,3,201386
8900,1,61368
8946,1,73081
9012,1,149753
9105,1,135136
9134,1,595875
9389,1,293026
9590,1,1179261
9603,1,428978
9626,2,1200645
9628,3,308696
9721,1,46822
990,2,228468
9982,6,260700
9988,6,261499
9998,3,134684
