37050,Tubos e Conexoes
37053,Construcao Civil
37055,Construcao Civil
37058,Construcao Civil
37068,Construcao Civil
37071,Construcao Civil
37081,Limpeza
37088,Limpeza
37104,Limpeza
37237,Limpeza
37249,Limpeza
37271,Limpeza
37294,Construcao Civil
37298,Ferramentas
37607,Instrumentos de Medicao
37609,Instrumentos de Medicao
37610,Instrumentos de Medicao
37611,Construcao Civil
37612,Construcao Civil
37613,Construcao Civil
37615,Construcao Civil
37616,Construcao Civil
37681,Tubos e Conexoes
37734,Limpeza
37735,Limpeza
37736,Limpeza
37737,Limpeza
37742,Construcao Civil
37774,Ferramentas
37776,Ferramentas
37780,Tubos e Conexoes
37781,Ferramentas
37782,Tubos e Conexoes
37872,Fixacao e Aperto
37873,Fixacao e Aperto
37874,Construcao Civil
37876,Siderurgia
37877,Tubos e Conexoes
37878,Fixacao e Aperto
37879,Fixacao e Aperto
37880,Fixacao e Aperto
37881,Construcao Civil
37882,Construcao Civil
37883,Construcao Civil
37890,Solda
37895,Solda
37902,Tubos e Conexoes
37904,Tubos e Conexoes
37905,Tubos e Conexoes
37906,Tubos e Conexoes
37907,Tubos e Conexoes
37908,Tubos e Conexoes
37909,Tubos e Conexoes
37910,Tubos e Conexoes
37911,Tubos e Conexoes
37912,Tubos e Conexoes
37913,Tubos e Conexoes
37915,Tubos e Conexoes
37916,Tubos e Conexoes
37917,Tubos e Conexoes
37918,Tubos e Conexoes
37919,Tubos e Conexoes
37921,Tubos e Conexoes
37922,Tubos e Conexoes
37923,Tubos e Conexoes
37924,Tubos e Conexoes
37925,Tubos e Conexoes
37926,Tubos e Conexoes
37927,Tubos e Conexoes
37928,Tubos e Conexoes
37929,Tubos e Conexoes
37930,Tubos e Conexoes
37931,Tubos e Conexoes
37933,Tubos e Conexoes
37934,Tubos e Conexoes
37959,Tubos e Conexoes
37961,Tubos e Conexoes
37964,Tubos e Conexoes
37965,Tubos e Conexoes
37966,Tubos e Conexoes
37967,Tubos e Conexoes
37968,Tubos e Conexoes
37969,Tubos e Conexoes
37970,Tubos e Conexoes
37971,Tubos e Conexoes
37972,Tubos e Conexoes
37973,Tubos e Conexoes
37974,Tubos e Conexoes
37975,Tubos e Conexoes
37976,Tubos e Conexoes
37977,Soquetes e Bocais
37978,Tubos e Conexoes
37979,Soquetes e Bocais
37980,Tubos e Conexoes
37981,Tubos e Conexoes
37982,Tubos e Conexoes
37983,Tubos e Conexoes
37984,Tubos e Conexoes
37985,Tubos e Conexoes
37986,Tubos e Conexoes
37987,Tubos e Conexoes
37988,Tubos e Conexoes
37989,Tubos e Conexoes
37990,Tubos e Conexoes
37991,Tubos e Conexoes
37992,Tubos e Conexoes
37993,Tubos e Conexoes
37994,Tubos e Conexoes
37995,Tubos e Conexoes
37996,Tubos e Conexoes
37997,Tubos e Conexoes
37998,Tubos e Conexoes
37999,Tubos e Conexoes
38006,Construcao Civil
38007,Construcao Civil
38009,Construcao Civil
38161,Construcao Civil
38163,Construcao Civil
38165,Construcao Civil
38177,Esquadrias
38186,Tubos e Conexoes
38203,Solda
38204,Solda
38205,Solda
38206,Solda
38207,Solda
38208,Solda
38209,Solda
38210,Solda
38211,Construcao Civil
38212,Construcao Civil
38214,Construcao Civil
38375,Tubos e Conexoes
38392,Construcao Civil
38395,Construcao Civil
38410,Tubos e Conexoes
38411,Siderurgia
38417,Construcao Civil
38429,Ferramentas
38436,Acessorios para Ferramentas
38443,Ferramentas
38446,Instrumentos de Medicao
38448,Ferramentas
38457,Ferramentas
38459,Tubos e Conexoes
38470,Ferramentas
38471,Ferramentas
38472,Ferramentas
38474,Ferramentas
38475,Ferramentas
38476,Ferramentas
38477,Ferramentas
38478,Ferramentas
38480,Ferramentas
38481,Ferramentas
38489,Tubos e Conexoes
38490,Ferramentas
38491,Tubos e Conexoes
38493,Ferramentas
38496,Ferramentas
38497,Ferramentas
38502,Ferramentas
38505,EPIs
38506,Ferramentas
38507,Ferramentas
38509,Ferramentas
38511,Ferramentas
38512,Ferramentas
38513,Ferramentas
38514,Ferramentas
38515,Ferramentas
38516,Tubos e Conexoes
38517,Ferramentas
38518,Ferramentas
38520,Ferramentas
38522,Ferramentas
38523,Ferramentas
38565,Ferramentas
38585,Ferramentas
38588,Ferramentas
38692,Construcao Civil
38694,Construcao Civil
38697,Construcao Civil
38699,Ferragens
38700,Ferragens
38701,Ferragens
38702,Construcao Civil
38703,Ferragens
38705,Ferragens
38803,Instrumentos de Medicao
38804,Siderurgia
38869,Tubos e Conexoes
38870,Construcao Civil
38871,Tubos e Conexoes
38872,Tubos e Conexoes
38873,Tubos e Conexoes
38875,EPIs
38877,Tubos e Conexoes
38878,Tubos e Conexoes
38879,Ferramentas
38880,Tubos e Conexoes
38881,Acessorios para Ferramentas
38882,Tubos e Conexoes
38883,Acessorios para Ferramentas
38884,Acessorios para Ferramentas
38885,Acessorios para Ferramentas
38886,Acessorios para Ferramentas
38887,Acessorios para Ferramentas
38888,Acessorios para Ferramentas
38893,Construcao Civil
38894,Construcao Civil
38902,Construcao Civil
38904,Construcao Civil
38908,Construcao Civil
38911,Construcao Civil
38927,Construcao Civil
38929,Acessorios para Ferramentas
38930,Acessorios para Ferramentas
38931,Acessorios para Ferramentas
38932,Acessorios para Ferramentas
38933,Acessorios para Ferramentas
38934,Tubos e Conexoes
38935,Acessorios para Ferramentas
38938,Acessorios para Ferramentas
38941,Acessorios para Ferramentas
38942,Acessorios para Ferramentas
38943,Acessorios para Ferramentas
38944,Acessorios para Ferramentas
38945,Acessorios para Ferramentas
38948,Limpeza
38949,Acessorios para Ferramentas
38950,Acessorios para Ferramentas
38981,Construcao Civil
38985,Construcao Civil
38988,Construcao Civil
38990,Tubos e Conexoes
38991,Construcao Civil
39011,Tubos e Conexoes
39013,Tubos e Conexoes
39015,Tubos e Conexoes
39016,Tubos e Conexoes
39017,Tubos e Conexoes
39021,Tubos e Conexoes
39023,Tubos e Conexoes
39024,Tubos e Conexoes
39043,Quimicos e Adesivos
39045,Quimicos e Adesivos
39047,Quimicos e Adesivos
39048,Quimicos e Adesivos
39049,Quimicos e Adesivos
39050,Quimicos e Adesivos
39051,Quimicos e Adesivos
39052,Quimicos e Adesivos
39053,Quimicos e Adesivos
39054,Quimicos e Adesivos
39056,Quimicos e Adesivos
39057,Quimicos e Adesivos
39058,Quimicos e Adesivos
39059,Quimicos e Adesivos
39060,Quimicos e Adesivos
39061,Quimicos e Adesivos
39064,Quimicos e Adesivos
39066,Quimicos e Adesivos
39067,Quimicos e Adesivos
39071,Tubos e Conexoes
39072,Tubos e Conexoes
39073,Tubos e Conexoes
39080,Quimicos e Adesivos
39081,Quimicos e Adesivos
39082,Quimicos e Adesivos
39083,Quimicos e Adesivos
39085,Tubos e Conexoes
39086,Tubos e Conexoes
39089,Tubos e Conexoes
39090,Tubos e Conexoes
39092,Tubos e Conexoes
39102,Construcao Civil
39131,Construcao Civil
39133,Construcao Civil
39134,Construcao Civil
39136,Construcao Civil
39139,Construcao Civil
39141,Construcao Civil
39142,Construcao Civil
39144,Construcao Civil
39157,Construcao Civil
39158,Construcao Civil
39164,Acessorios para Ferramentas
39166,Acessorios para Ferramentas
39167,Acessorios para Ferramentas
39168,Acessorios para Ferramentas
39169,Acessorios para Ferramentas
39170,Acessorios para Ferramentas
39172,Acessorios para Ferramentas
39173,Acessorios para Ferramentas
39182,Acessorios para Ferramentas
39185,Tubos e Conexoes
39186,Acessorios para Ferramentas
39187,Acessorios para Ferramentas
39188,Acessorios para Ferramentas
39189,Acessorios para Ferramentas
39190,Construcao Civil
39191,Construcao Civil
39192,Construcao Civil
39193,Tubos e Conexoes
39194,Acessorios para Ferramentas
39197,EPIs
39215,Tubos e Conexoes
39217,Tubos e Conexoes
39218,Tubos e Conexoes
39219,Tubos e Conexoes
39220,Tubos e Conexoes
39221,Tubos e Conexoes
39222,Tubos e Conexoes
39223,Tubos e Conexoes
39226,Tubos e Conexoes
39227,Tubos e Conexoes
39229,Tubos e Conexoes
39230,Tubos e Conexoes
39231,Tubos e Conexoes
39232,Tubos e Conexoes
39233,Tubos e Conexoes
39234,Tubos e Conexoes
39235,Tubos e Conexoes
39236,Tubos e Conexoes
39237,Lubrificantes e Aerossóis
39239,Tubos e Conexoes
39241,Lubrificantes e Aerossóis
39242,Construcao Civil
39243,Lubrificantes e Aerossóis
39291,Solda
39300,Construcao Civil
39432,Solda
39433,Solda
39434,Solda
39437,Solda
40133,Acessorios para Ferramentas
40137,Construcao Civil
40139,Construcao Civil
40141,Construcao Civil
40142,Construcao Civil
40143,Telas e Arames
40144,Construcao Civil
40145,Construcao Civil
40147,Construcao Civil
40603,Construcao Civil
40605,Construcao Civil
40606,Construcao Civil
40607,Construcao Civil
40608,Construcao Civil
40609,Construcao Civil
40610,Construcao Civil
40611,Construcao Civil
40612,Construcao Civil
40613,Construcao Civil
40614,Construcao Civil
40615,Construcao Civil
40616,Construcao Civil
40617,Construcao Civil
40618,Construcao Civil
40619,Construcao Civil
40620,Construcao Civil
40621,Construcao Civil
40622,Construcao Civil
40623,Construcao Civil
40624,Construcao Civil
40625,Construcao Civil
40626,Construcao Civil
40627,Construcao Civil
40628,Construcao Civil
40629,Construcao Civil
40630,Construcao Civil
40631,Construcao Civil
40632,Construcao Civil
40633,Construcao Civil
40634,Construcao Civil
40635,Construcao Civil
40636,Construcao Civil
40637,Construcao Civil
40638,Construcao Civil
40639,Construcao Civil
40640,Construcao Civil
40642,Construcao Civil
40696,Construcao Civil
40699,Tubos e Conexoes
40700,Tubos e Conexoes
40701,Tubos e Conexoes
40702,Tubos e Conexoes
40703,Tubos e Conexoes
40704,Tubos e Conexoes
40705,Tubos e Conexoes
40707,Tubos e Conexoes
40708,Construcao Civil
40710,Movimentacao
40713,Construcao Civil
40715,Construcao Civil
40716,Construcao Civil
40717,Construcao Civil
40718,Construcao Civil
40719,Construcao Civil
40720,Construcao Civil
40721,Construcao Civil
40723,Construcao Civil
40724,Construcao Civil
40725,Construcao Civil
40727,Construcao Civil
40728,Construcao Civil
40729,Construcao Civil
40736,Fixacao e Aperto
40740,Fixacao e Aperto
40742,Fixacao e Aperto
40753,Fixacao e Aperto
40754,Fixacao e Aperto
40755,Fixacao e Aperto
40757,Fixacao e Aperto
40758,Fixacao e Aperto
40760,Fixacao e Aperto
40761,Fixacao e Aperto
40762,Fixacao e Aperto
40780,Siderurgia
40782,Siderurgia
40784,Siderurgia
40785,Tubos e Conexoes
40787,Solda
40788,Solda
40790,Solda
40791,Solda
40792,Solda
40793,Solda
40800,Construcao Civil
40801,Construcao Civil
40803,Construcao Civil
40804,Construcao Civil
40805,Fixacao e Aperto
40809,Construcao Civil
40812,Construcao Civil
40815,Esquadrias
40816,Construcao Civil
40820,Movimentacao
40821,Construcao Civil
40822,Tubos e Conexoes
40823,Tubos e Conexoes
40825,Tubos e Conexoes
40826,Tubos e Conexoes
40830,Tubos e Conexoes
40842,Construcao Civil
40844,Construcao Civil
40846,Construcao Civil
40847,Construcao Civil
40848,Construcao Civil
40850,Construcao Civil
40851,Construcao Civil
40852,Construcao Civil
40856,Construcao Civil
40857,Construcao Civil
40859,Construcao Civil
40861,Construcao Civil
40863,Construcao Civil
40864,Construcao Civil
40865,Construcao Civil
40866,Movimentacao
40869,Construcao Civil
40870,Construcao Civil
40871,Construcao Civil
40873,Construcao Civil
40874,Construcao Civil
40875,Construcao Civil
40876,Construcao Civil
40877,Construcao Civil
40878,Construcao Civil
40879,Construcao Civil
40880,Construcao Civil
40881,Construcao Civil
40883,Construcao Civil
40884,Construcao Civil
40885,Construcao Civil
40886,Construcao Civil
40888,Construcao Civil
40889,Construcao Civil
40891,Construcao Civil
40892,Construcao Civil
40894,Construcao Civil
40895,Construcao Civil
40896,Construcao Civil
40897,Construcao Civil
40898,Construcao Civil
40899,Construcao Civil
40900,Construcao Civil
40901,Construcao Civil
40902,Construcao Civil
40903,Construcao Civil
40904,Construcao Civil
40905,Construcao Civil
40906,Construcao Civil
40907,Construcao Civil
40908,Construcao Civil
40909,Construcao Civil
40910,Construcao Civil
40911,Construcao Civil
40912,Construcao Civil
40914,Construcao Civil
40919,Construcao Civil
40938,Ferramentas
40939,Ferramentas
40940,Ferramentas
40943,Ferramentas
40947,Ferramentas
40951,Ferramentas
40953,Ferramentas
40957,Ferramentas
41192,Acessorios para Ferramentas
41193,Tubos e Conexoes
41194,Construcao Civil
41195,Tubos e Conexoes
41196,Tubos e Conexoes
41197,Tubos e Conexoes
41198,Tubos e Conexoes
41200,Construcao Civil
41215,Tubos e Conexoes
41216,Tubos e Conexoes
41217,Tubos e Conexoes
41219,Ferramentas
41221,Tubos e Conexoes
41224,Ferramentas
41230,Ferramentas
41231,Ferramentas
41232,Ferramentas
41233,Ferramentas
41234,Ferramentas
41235,Ferramentas
41237,Ferramentas
41240,Ferramentas
41241,Ferramentas
41242,Tubos e Conexoes
41243,Ferramentas
41244,Ferramentas
41245,Ferramentas
41246,Ferramentas
41247,Ferramentas
41248,Ferramentas
41249,Ferramentas
41251,Ferramentas
41252,Ferramentas
41254,Ferramentas
41256,Ferramentas
41257,Ferramentas
41262,Tubos e Conexoes
41264,Tubos e Conexoes
41265,Tubos e Conexoes
41266,Tubos e Conexoes
41267,Tubos e Conexoes
41268,Tubos e Conexoes
41269,Tubos e Conexoes
41270,Tubos e Conexoes
41271,Tubos e Conexoes
41272,Tubos e Conexoes
41273,Tubos e Conexoes
41274,Tubos e Conexoes
41275,Tubos e Conexoes
41276,Tubos e Conexoes
41277,Tubos e Conexoes
41278,Tubos e Conexoes
41279,Tubos e Conexoes
41280,Tubos e Conexoes
41281,Tubos e Conexoes
41282,Tubos e Conexoes
41283,Tubos e Conexoes
41284,Tubos e Conexoes
41285,Tubos e Conexoes
41286,Tubos e Conexoes
41287,Tubos e Conexoes
41288,Tubos e Conexoes
41289,Tubos e Conexoes
41290,Tubos e Conexoes
41291,Tubos e Conexoes
41292,Tubos e Conexoes
41304,Tubos e Conexoes
41305,Tubos e Conexoes
41306,Tubos e Conexoes
41308,Tubos e Conexoes
41309,Tubos e Conexoes
41310,Tubos e Conexoes
41311,Tubos e Conexoes
41324,Tubos e Conexoes
41336,Tubos e Conexoes
41337,Tubos e Conexoes
41345,Tubos e Conexoes
41348,EPIs
41349,EPIs
41356,Construcao Civil
41359,Construcao Civil
41360,Tubos e Conexoes
41365,Tubos e Conexoes
41401,Construcao Civil
41403,Construcao Civil
41404,Tubos e Conexoes
41405,Construcao Civil
41406,Construcao Civil
41407,Construcao Civil
41408,Construcao Civil
41410,Construcao Civil
41414,Construcao Civil
41420,Construcao Civil
41459,Material Eletrico
41460,Material Eletrico
41469,Material Eletrico
41485,Construcao Civil
41486,Construcao Civil
41497,Tubos e Conexoes
41498,Construcao Civil
41499,Material Eletrico
41501,Construcao Civil
41502,Tubos e Conexoes
41504,Tubos e Conexoes
41505,Construcao Civil
41506,Construcao Civil
41507,Construcao Civil
41508,Construcao Civil
41509,Construcao Civil
41510,Construcao Civil
41516,Siderurgia
41517,Siderurgia
41518,Siderurgia
41519,Siderurgia
41520,Siderurgia
41521,Siderurgia
41522,Siderurgia
41523,Siderurgia
41524,Siderurgia
41525,Siderurgia
41528,Siderurgia
41594,Limpeza
41595,Acessorios para Ferramentas
41629,Acessorios para Ferramentas
41630,Acessorios para Ferramentas
41631,Acessorios para Ferramentas
41632,Acessorios para Ferramentas
41633,Acessorios para Ferramentas
41635,Acessorios para Ferramentas
41663,Acessorios para Ferramentas
41664,Chuveiros e Torneiras
41665,Acessorios para Ferramentas
41666,Acessorios para Ferramentas
42000,Instrumentos de Medicao
42003,Acessorios para Ferramentas
42586,Acessorios para Ferramentas
42622,Acessorios para Ferramentas
42624,Acessorios para Ferramentas
42626,Acessorios para Ferramentas
42629,Acessorios para Ferramentas
42641,Acessorios para Ferramentas
42646,Limpeza
42649,Limpeza
42653,Instrumentos de Medicao
42654,Instrumentos de Medicao
42682,Acessorios para Ferramentas
42683,Registros e Valvulas
42706,Acessorios para Ferramentas
42710,Acessorios para Ferramentas
42713,Acessorios para Ferramentas
42714,Acessorios para Ferramentas
42741,Acessorios para Ferramentas
42754,Acessorios para Ferramentas
42789,Acessorios para Ferramentas
42791,Registros e Valvulas
42794,Registros e Valvulas
42799,Acessorios para Ferramentas
42800,Acessorios para Ferramentas
42801,Acessorios para Ferramentas
42802,Acessorios para Ferramentas
42845,Acessorios para Ferramentas
42846,Acessorios para Ferramentas
42873,Acessorios para Ferramentas
42879,Acessorios para Ferramentas
43334,Acessorios para Ferramentas
43348,Acessorios para Ferramentas
43389,Tubos e Conexoes
43390,Registros e Valvulas
43391,Tubos e Conexoes
43392,Acessorios para Ferramentas
43393,Acessorios para Ferramentas
43394,Acessorios para Ferramentas
43395,Acessorios para Ferramentas
43396,Acessorios para Ferramentas
43397,Acessorios para Ferramentas
43398,Acessorios para Ferramentas
43399,Acessorios para Ferramentas
43400,Acessorios para Ferramentas
43401,Acessorios para Ferramentas
43402,Acessorios para Ferramentas
43403,Acessorios para Ferramentas
43404,Acessorios para Ferramentas
43405,Acessorios para Ferramentas
43406,Acessorios para Ferramentas
43407,Acessorios para Ferramentas
43408,Acessorios para Ferramentas
43409,Acessorios para Ferramentas
43410,Acessorios para Ferramentas
43411,Acessorios para Ferramentas
43412,Acessorios para Ferramentas
43413,Acessorios para Ferramentas
43414,Acessorios para Ferramentas
43415,Acessorios para Ferramentas
43416,Acessorios para Ferramentas
43417,Acessorios para Ferramentas
43418,Acessorios para Ferramentas
43419,Acessorios para Ferramentas
43420,Acessorios para Ferramentas
43421,Acessorios para Ferramentas
43422,Acessorios para Ferramentas
43423,Acessorios para Ferramentas
43424,Acessorios para Ferramentas
43425,Acessorios para Ferramentas
43426,Tubos e Conexoes
43427,Acessorios para Ferramentas
43428,Acessorios para Ferramentas
43429,Acessorios para Ferramentas
43430,Tubos e Conexoes
43431,Tubos e Conexoes
43463,Acessorios para Ferramentas
43464,Acessorios para Ferramentas
43465,Acessorios para Ferramentas
43467,Acessorios para Ferramentas
43468,Acessorios para Ferramentas
43484,Acessorios para Ferramentas
43490,Acessorios para Ferramentas
43492,Acessorios para Ferramentas
43499,Acessorios para Ferramentas
43501,Acessorios para Ferramentas
43503,Acessorios para Ferramentas
43504,Acessorios para Ferramentas
43505,Acessorios para Ferramentas
43506,Acessorios para Ferramentas
43507,Acessorios para Ferramentas
43508,Acessorios para Ferramentas
43509,Acessorios para Ferramentas
43510,Acessorios para Ferramentas
43515,Acessorios para Ferramentas
43516,Acessorios para Ferramentas
43517,Acessorios para Ferramentas
43518,Acessorios para Ferramentas
43519,Acessorios para Ferramentas
43520,Acessorios para Ferramentas
43524,Acessorios para Ferramentas
43536,Acessorios para Ferramentas
43544,Registros e Valvulas
43547,Material Eletrico
43552,Material Eletrico
43553,Material Eletrico
43878,Material Eletrico
43879,Acessorios para Ferramentas
43883,Acessorios para Ferramentas
43884,Acessorios para Ferramentas
43885,Tubos e Conexoes
43891,Acessorios para Ferramentas
43894,Acessorios para Ferramentas
43898,Acessorios para Ferramentas
43903,Construcao Civil
43914,Construcao Civil
43916,Construcao Civil
43938,Construcao Civil
43943,Registros e Valvulas
43947,Construcao Civil
44070,Construcao Civil
44072,Limpeza
44075,Construcao Civil
44078,Tubos e Conexoes
44079,Tubos e Conexoes
44125,Movimentacao
44127,Acessorios para Ferramentas
44174,EPIs
44175,Construcao Civil
44184,Limpeza
44189,EPIs
44190,Construcao Civil
44191,Construcao Civil
44196,Construcao Civil
44200,Acessorios para Ferramentas
44201,Construcao Civil
44202,Construcao Civil
44203,Construcao Civil
44204,EPIs
44205,Construcao Civil
44206,Construcao Civil
44207,Construcao Civil
44214,Tubos e Conexoes
44215,EPIs
44217,Construcao Civil
44230,EPIs
44253,Acessorios para Ferramentas
44267,Acessorios para Ferramentas
44290,Acessorios para Ferramentas
44318,EPIs
44329,Acessorios para Ferramentas
44343,Acessorios para Ferramentas
44345,Acessorios para Ferramentas
44352,Acessorios para Ferramentas
44355,Acessorios para Ferramentas
44382,Acessorios para Ferramentas
44412,Acessorios para Ferramentas
44420,Acessorios para Ferramentas
44421,Acessorios para Ferramentas
44424,Acessorios para Ferramentas
44425,Acessorios para Ferramentas
44426,Acessorios para Ferramentas
44427,Acessorios para Ferramentas
44430,Acessorios para Ferramentas
44433,Acessorios para Ferramentas
44443,Acessorios para Ferramentas
44448,Acessorios para Ferramentas
44451,Acessorios para Ferramentas
44482,Tubos e Conexoes
44498,Acessorios para Ferramentas
44499,Tubos e Conexoes
44504,Acessorios para Ferramentas
44507,Acessorios para Ferramentas
44508,Acessorios para Ferramentas
44512,Acessorios para Ferramentas
44514,Acessorios para Ferramentas
44515,Acessorios para Ferramentas
44516,Acessorios para Ferramentas
44518,Acessorios para Ferramentas
44519,Acessorios para Ferramentas
44522,Tubos e Conexoes
44524,Tubos e Conexoes
44533,Tubos e Conexoes
44534,Acessorios para Ferramentas
44537,Acessorios para Ferramentas
44595,Tubos e Conexoes
44597,Tubos e Conexoes
44601,Acessorios para Ferramentas
44615,Ferragens
44620,Ferramentas
44621,Ferramentas
44622,Ferramentas
44623,Ferramentas
44625,Ferramentas
44689,Construcao Civil
44716,Tubos e Conexoes
44726,Construcao Civil
44728,Construcao Civil
44729,Construcao Civil
44741,Construcao Civil
44744,Construcao Civil
44746,Construcao Civil
44747,Tubos e Conexoes
44750,Construcao Civil
44751,Construcao Civil
44753,Ferramentas
44757,Construcao Civil
44759,Construcao Civil
44760,Siderurgia
44764,Construcao Civil
44771,Acessorios para Ferramentas
44775,Construcao Civil
44787,Louças e Metais
44789,Ferramentas
44791,Registros e Valvulas
44792,Construcao Civil
44794,Construcao Civil
44795,Registros e Valvulas
44809,Construcao Civil
44810,Ferramentas
44815,Ferramentas
44818,Ferramentas
44828,Fixacao e Aperto
44830,Fixacao e Aperto
44831,Fixacao e Aperto
44833,Fixacao e Aperto
44834,Fixacao e Aperto
44835,Fixacao e Aperto
44836,Fixacao e Aperto
44837,Fixacao e Aperto
44838,Fixacao e Aperto
44841,Construcao Civil
44843,Siderurgia
44844,Construcao Civil
44845,Siderurgia
45092,Acessorios para Ferramentas
45332,Construcao Civil
45339,Construcao Civil
45347,Construcao Civil
45349,Construcao Civil
45395,Tubos e Conexoes
45398,Tubos e Conexoes
45399,Construcao Civil
45400,Construcao Civil
45420,Construcao Civil
45425,Construcao Civil
45429,Construcao Civil
45431,Construcao Civil
45435,Construcao Civil
45437,Construcao Civil
45438,Construcao Civil
45440,Construcao Civil
45479,Construcao Civil
45480,Construcao Civil
45482,Construcao Civil
45483,Construcao Civil
45485,Tubos e Conexoes
45487,Construcao Civil
45605,Ferramentas
45606,Ferramentas
45607,Ferramentas
45608,Ferramentas
45609,Ferramentas
45610,Ferramentas
45612,Tubos e Conexoes
45613,Ferramentas
45614,Ferramentas
45615,Ferramentas
45616,Ferramentas
45617,Ferramentas
45619,Construcao Civil
45622,Construcao Civil
45624,Construcao Civil
45626,Ferramentas
45627,Ferramentas
45629,Construcao Civil
45630,Construcao Civil
45644,Construcao Civil
45646,Tubos e Conexoes
45647,Tubos e Conexoes
45648,Tubos e Conexoes
45649,Tubos e Conexoes
45650,Tubos e Conexoes
45651,Tubos e Conexoes
45653,Tubos e Conexoes
45657,Tubos e Conexoes
45658,Tubos e Conexoes
45660,Tubos e Conexoes
45662,Tubos e Conexoes
45664,Tubos e Conexoes
45669,Tubos e Conexoes
45670,Tubos e Conexoes
45672,Tubos e Conexoes
45676,Tubos e Conexoes
45678,Tubos e Conexoes
45679,Tubos e Conexoes
45680,Tubos e Conexoes
45682,Construcao Civil
45683,Construcao Civil
45684,Construcao Civil
45685,Construcao Civil
45686,Construcao Civil
45690,Construcao Civil
46332,Ferramentas
46335,Construcao Civil
46336,Construcao Civil
46338,Construcao Civil
46340,Construcao Civil
46341,Construcao Civil
46342,Construcao Civil
46343,Construcao Civil
46344,Construcao Civil
46345,Construcao Civil
46347,Telas e Arames
46348,Lubrificantes e Aerossóis
46351,Lubrificantes e Aerossóis
46353,Lubrificantes e Aerossóis
46354,Lubrificantes e Aerossóis
46358,Lubrificantes e Aerossóis
46359,Lubrificantes e Aerossóis
46362,Lubrificantes e Aerossóis
46363,Lubrificantes e Aerossóis
46364,Lubrificantes e Aerossóis
46384,Tubos e Conexoes
46385,Lubrificantes e Aerossóis
46386,Lubrificantes e Aerossóis
46387,Lubrificantes e Aerossóis
46388,Lubrificantes e Aerossóis
46389,Lubrificantes e Aerossóis
46390,Lubrificantes e Aerossóis
46391,Lubrificantes e Aerossóis
46392,Lubrificantes e Aerossóis
46394,Construcao Civil
46396,Construcao Civil
46397,Construcao Civil
46400,Construcao Civil
46402,Tubos e Conexoes
46403,Tubos e Conexoes
46405,Construcao Civil
46728,Construcao Civil
46730,Lonas e Cordas
46733,Lonas e Cordas
46735,Lonas e Cordas
46737,Lonas e Cordas
46748,Lonas e Cordas
46753,Lonas e Cordas
46755,Lonas e Cordas
46756,Lonas e Cordas
46758,Lonas e Cordas
46759,Lonas e Cordas
46761,Lonas e Cordas
46768,Lonas e Cordas
46772,Lonas e Cordas
46816,Construcao Civil
46817,Construcao Civil
46835,Construcao Civil
46837,Soquetes e Bocais
46841,Tubos e Conexoes
46842,Construcao Civil
46844,Tubos e Conexoes
46845,Construcao Civil
46846,Construcao Civil
46849,Construcao Civil
46852,Construcao Civil
46853,Construcao Civil
46854,Construcao Civil
46873,Construcao Civil
46874,Lampada
46879,Lampada
46881,Lampada
46882,Lampada
46883,Lampada
46884,Construcao Civil
46885,Construcao Civil
46887,Tubos e Conexoes
46895,Construcao Civil
46899,Tubos e Conexoes
46900,EPIs
46901,EPIs
46902,EPIs
46903,EPIs
46904,EPIs
46905,EPIs
46907,EPIs
46908,EPIs
46912,EPIs
46922,EPIs
46925,EPIs
46929,EPIs
46932,EPIs
46945,EPIs
46950,EPIs
46951,Tubos e Conexoes
46953,Tubos e Conexoes
46954,Tubos e Conexoes
46955,Tubos e Conexoes
46956,EPIs
46957,EPIs
46970,EPIs
46975,EPIs
46979,EPIs
46980,Tubos e Conexoes
46981,EPIs
46982,EPIs
46984,EPIs
46988,EPIs
46989,EPIs
46990,EPIs
46991,Fixacao e Aperto
46992,EPIs
46993,EPIs
46994,EPIs
46995,Fixacao e Aperto
46998,Fixacao e Aperto
47000,Fixacao e Aperto
47035,EPIs
47036,EPIs
47037,EPIs
47038,Fixacao e Aperto
47039,Fixacao e Aperto
47040,EPIs
47041,EPIs
47042,EPIs
47043,EPIs
47044,EPIs
47045,EPIs
47046,EPIs
47047,EPIs
47052,EPIs
47055,EPIs
47056,Tubos e Conexoes
47058,EPIs
47059,EPIs
47061,EPIs
47063,EPIs
47064,EPIs
47065,EPIs
47066,EPIs
47068,EPIs
47080,EPIs
47089,EPIs
47092,EPIs
47094,EPIs
47095,Tubos e Conexoes
47096,EPIs
47097,EPIs
47098,Tubos e Conexoes
47118,EPIs
47120,EPIs
47122,EPIs
47129,EPIs
47130,EPIs
47131,EPIs
47132,EPIs
47134,EPIs
47138,EPIs
47139,EPIs
47143,Tubos e Conexoes
47144,Tubos e Conexoes
47146,EPIs
47149,EPIs
47150,EPIs
47152,EPIs
47153,EPIs
47154,EPIs
47155,EPIs
47156,EPIs
47157,EPIs
47158,EPIs
47160,EPIs
47164,Construcao Civil
47165,Construcao Civil
47167,Construcao Civil
47168,Construcao Civil
47171,Construcao Civil
47386,Ferramentas
47387,Ferramentas
47406,Ferramentas
47407,Ferramentas
47408,Ferramentas
47410,Acessorios para Ferramentas
48185,Construcao Civil
48186,Construcao Civil
48189,Acessorios para Ferramentas
48199,Construcao Civil
48201,Acessorios para Ferramentas
48202,Construcao Civil
48203,Acessorios para Ferramentas
48209,Construcao Civil
48210,Construcao Civil
48223,Acessorios para Ferramentas
48234,Tubos e Conexoes
48235,Tubos e Conexoes
48238,Acessorios para Ferramentas
48240,Acessorios para Ferramentas
48243,Tubos e Conexoes
48280,Acessorios para Ferramentas
48293,Acessorios para Ferramentas
48295,Acessorios para Ferramentas
48296,Acessorios para Ferramentas
48298,Acessorios para Ferramentas
48392,Tubos e Conexoes
48394,Tubos e Conexoes
48398,Tubos e Conexoes
48532,Construcao Civil
48534,Tubos e Conexoes
48535,Solda
48558,Siderurgia
48560,Siderurgia
48561,Siderurgia
48562,Siderurgia
48605,Construcao Civil
48608,Construcao Civil
48612,Construcao Civil
48613,Construcao Civil
48614,Construcao Civil
48615,Construcao Civil
48617,Construcao Civil
48620,Construcao Civil
48621,Construcao Civil
48622,Construcao Civil
48626,Construcao Civil
48631,Construcao Civil
48632,Tubos e Conexoes
48635,Tubos e Conexoes
48636,Tubos e Conexoes
48639,Lampada
48656,Construcao Civil
48725,Tubos e Conexoes
48729,Tubos e Conexoes
48731,Tubos e Conexoes
48735,Tubos e Conexoes
48746,Tubos e Conexoes
48747,Tubos e Conexoes
48750,Tubos e Conexoes
48751,Tubos e Conexoes
48752,Tubos e Conexoes
48754,Tubos e Conexoes
48755,Tubos e Conexoes
48756,Tubos e Conexoes
48757,Tubos e Conexoes
48758,Tubos e Conexoes
48759,Tubos e Conexoes
48760,Tubos e Conexoes
48761,Tubos e Conexoes
48762,Tubos e Conexoes
48763,Tubos e Conexoes
48764,Tubos e Conexoes
48766,Tubos e Conexoes
48768,Tubos e Conexoes
48770,Tubos e Conexoes
48966,Tubos e Conexoes
48968,Tubos e Conexoes
48984,Tubos e Conexoes
48991,Tubos e Conexoes
49028,Tubos e Conexoes
49045,Tubos e Conexoes
49046,Tubos e Conexoes
49060,Tubos e Conexoes
49064,Tubos e Conexoes
49065,Tubos e Conexoes
49075,Tubos e Conexoes
49082,Tubos e Conexoes
49085,Tubos e Conexoes
49086,Tubos e Conexoes
49089,Tubos e Conexoes
49090,Tubos e Conexoes
49091,Tubos e Conexoes
49092,Tubos e Conexoes
49093,Tubos e Conexoes
49105,Tubos e Conexoes
49106,Tubos e Conexoes
49693,Construcao Civil
49694,Registros e Valvulas
49695,Quimicos e Adesivos
49844,Construcao Civil
49846,Construcao Civil
49847,Construcao Civil
49853,Construcao Civil
49855,Construcao Civil
49856,Construcao Civil
49857,Construcao Civil
49858,Construcao Civil
49860,Construcao Civil
49862,Movimentacao
49865,Construcao Civil
49866,Construcao Civil
49868,Construcao Civil
49870,Construcao Civil
49885,Construcao Civil
49927,Construcao Civil
49928,Acessorios para Ferramentas
50480,Material Eletrico
50496,Ferramentas
50505,Construcao Civil
50506,Construcao Civil
50520,Acessorios para Ferramentas
50522,Construcao Civil
50525,Acessorios para Ferramentas
50527,Ferramentas
50532,Ferramentas
50534,Ferramentas
50579,Construcao Civil
50580,Construcao Civil
50581,Construcao Civil
50582,Construcao Civil
50583,Construcao Civil
50593,Chuveiros e Torneiras
50599,Chuveiros e Torneiras
50605,Chuveiros e Torneiras
50610,Chuveiros e Torneiras
50614,Chuveiros e Torneiras
50628,Chuveiros e Torneiras
50634,Acessorios para Ferramentas
50635,Acessorios para Ferramentas
50636,Acessorios para Ferramentas
50637,Acessorios para Ferramentas
50638,Acessorios para Ferramentas
50644,Acessorios para Ferramentas
50645,Acessorios para Ferramentas
50646,Acessorios para Ferramentas
50649,Acessorios para Ferramentas
50655,Acessorios para Ferramentas
50660,Acessorios para Ferramentas
50661,Acessorios para Ferramentas
50664,Acessorios para Ferramentas
50692,Material Eletrico
50693,Construcao Civil
50694,Construcao Civil
50695,Construcao Civil
50696,Construcao Civil
50700,Esquadrias
50701,Esquadrias
50702,Tubos e Conexoes
50704,Construcao Civil
50705,Esquadrias
50706,Esquadrias
50709,Construcao Civil
51112,Material Eletrico
51115,Construcao Civil
51116,Material Eletrico
51150,Siderurgia
51151,Ferragens
51153,Ferragens
51154,Ferragens